{"accuracy": [0.6045807003974915, 0.8623515367507935, 0.9162529110908508, 0.941503643989563, 0.9556440711021423, 0.965772807598114, 0.970808744430542, 0.9762572050094604, 0.9793726205825806, 0.982146680355072], "loss": [1.34212327003479, 0.43492475152015686, 0.2606131434440613, 0.17942596971988678, 0.13462965190410614, 0.10475830733776093, 0.08976880460977554, 0.07099048048257828, 0.06216633319854736, 0.05486621707677841], "val_accuracy": [0.8099817633628845, 0.9041088223457336, 0.9173116087913513, 0.9481561779975891, 0.9605622291564941, 0.9416685700416565, 0.968643307685852, 0.9664238691329956, 0.9529364705085754, 0.9672206044197083], "val_loss": [0.6038842797279358, 0.2936156392097473, 0.2539345622062683, 0.16511213779449463, 0.1251302808523178, 0.20165219902992249, 0.10993510484695435, 0.11404184997081757, 0.165383979678154, 0.10889364033937454]}